AMFI Code,Scheme Name,CAGR 1Y (%),CAGR 3Y (%),CAGR 5Y (%),Overall CAGR (%),Sharpe Ratio,Sortino Ratio,Alpha,Beta,Max Drawdown (%),Fund Scorecard (0-100),Expense Ratio (%)
119598,SBI Small Cap Fund - Regular Plan - Growth,78.62,25.03,31.1,31.1,0.9453082575156091,1.6753165700125514,0.3011144193310002,0.0742664848380288,-28.71,85.0,1.43
149324,DSP Small Cap Fund - Regular - Growth,62.01,25.86,30.97,30.97,0.9497958246616027,1.6197931764914104,0.2981786893056835,0.13260808824054154,-31.17,81.88,1.52
148569,Mirae Asset Tax Saver Fund - Regular - Growth,37.98,27.25,30.64,30.64,1.2349300257743294,2.146913926346055,0.28347336470728673,-0.010201365088271777,-16.4,76.67,1.6
119551,SBI Bluechip Fund - Regular Plan - Growth,57.57,29.12,24.77,24.77,1.2082665673727175,2.140267129061793,0.23219648016717326,-0.05604508562674627,-15.01,76.26,1.54
100033,HDFC Mid-Cap Opportunities Fund - Regular - Growth,50.76,31.12,28.9,28.9,1.0936987435346313,1.8291339615146933,0.2723430403957973,-0.011199710059456157,-16.22,75.73,1.38
120505,ICICI Pru Midcap Fund - Regular - Growth,28.33,30.24,31.48,31.48,1.1801011976606492,2.029352940465747,0.29301371282563315,-0.017391171743071688,-18.19,74.84,1.36
120843,Kotak Flexicap Fund - Regular - Growth,25.52,28.49,29.65,29.65,1.3067439695428407,2.364320032166717,0.2727835993505962,-0.008737359353900988,-12.97,73.91,1.45
148567,Mirae Asset Large Cap Fund - Regular - Growth,19.51,32.76,29.71,29.71,1.4482911703262593,2.385644373368817,0.2711501636821103,-0.02813331223165745,-11.27,73.7,1.46
149323,DSP Midcap Fund - Regular - Growth,20.58,25.81,28.38,28.38,1.132121852474724,1.8751010639192083,0.26583594480787764,0.0034785300797906724,-17.25,69.86,1.61
119094,Axis Midcap Fund - Regular - Growth,21.33,33.88,27.08,27.08,0.9982309868636414,1.703797480246301,0.25997054053321056,-0.05986815058386658,-20.96,68.54,1.38
118632,Nippon India Large Cap Fund - Regular - Growth,32.49,21.68,23.09,23.09,1.0816591793457038,1.8501325468557266,0.21728068775563278,0.036434217731472866,-17.41,68.17,1.51
101206,ABSL Frontline Equity Fund - Regular - Growth,45.73,27.52,22.6,22.6,1.0272133278753697,1.799562874698451,0.2139447485061358,0.03381398454659162,-11.29,68.14,1.6
120504,ICICI Pru Bluechip Fund - Direct - Growth,12.54,31.79,22.37,22.37,1.0265242847992997,1.805293794099255,0.2120943009940057,0.017025361766949264,-12.59,61.48,0.8
148568,Mirae Asset Emerging Bluechip Fund - Regular - Growth,13.69,14.1,21.63,21.63,0.9262873467360144,1.6327409778735171,0.2079171509667248,5.11619674096076e-05,-15.27,60.44,1.52
120506,ICICI Pru Value Discovery Fund - Regular - Growth,39.94,17.15,16.42,16.42,0.6488787755249535,1.0958951614736472,0.16283731486753183,0.047708015202565096,-19.83,58.85,1.41
125497,HDFC Top 100 Fund - Direct Plan - Growth,27.44,17.41,18.28,18.28,0.7757902498211211,1.3306512447571364,0.1789129568352085,-0.0054593165590488425,-15.2,58.37,0.92
119552,SBI Bluechip Fund - Direct Plan - Growth,5.48,15.13,20.68,20.68,0.9532794968660092,1.609776489628308,0.1982932218749148,-0.019853025049675753,-11.8,57.25,0.66
102885,UTI Nifty 50 Index Fund - Regular - Growth,19.37,18.88,17.52,17.52,0.8170993373494365,1.4357420130649485,0.16992711557794749,-0.0018841874054637215,-10.86,55.64,1.57
118633,Nippon India Large Cap Fund - Direct - Growth,24.45,20.41,15.65,15.65,0.645207438293321,1.154475716923624,0.15503795076034138,0.013157652619096497,-18.63,54.89,0.72
120503,ICICI Pru Bluechip Fund - Regular - Growth,8.15,13.45,18.05,18.05,0.7979728586052852,1.337943150066923,0.17587937785242744,-0.004111147836045636,-13.9,54.04,1.42
102887,UTI Flexi Cap Fund - Regular - Growth,13.03,23.79,16.19,16.19,0.6195175900829825,1.0887552508030014,0.16179316452470288,0.04011620562000179,-21.54,53.31,1.64
118634,Nippon India Small Cap Fund - Regular - Growth,15.16,6.98,15.74,15.74,0.4484340089089914,0.746014630853357,0.1780020912356628,0.009128170084160607,-23.34,52.31,1.53
118635,Nippon India ETF Nifty 50 BeES,21.55,18.65,15.34,15.34,0.6648569985490616,1.137976718780742,0.15160602363545675,-0.013806609371555974,-11.65,52.19,0.89
120841,Kotak Bluechip Fund - Regular - Growth,16.15,16.54,13.02,13.02,0.4942725378672353,0.8625738849916583,0.13068278268538389,0.04167578236653616,-17.57,48.32,1.59
149322,DSP Top 100 Equity Fund - Regular - Growth,17.36,17.27,12.88,12.88,0.4640374492204772,0.7621288703723164,0.13129906992674878,0.014848756863667925,-14.84,47.14,1.54
125498,HDFC Mid-Cap Opportunities Fund - Direct - Growth,14.81,11.22,10.87,10.87,0.3006119210425476,0.5088128197169233,0.12055386350487392,-0.018512868789591505,-21.12,44.87,0.78
119599,SBI Small Cap Fund - Direct Plan - Growth,13.38,-1.13,1.98,1.98,-0.05718662582817993,-0.09438726129459606,0.050572431452751046,0.007680982959652939,-52.57,42.25,0.72
119093,Axis Bluechip Fund - Direct - Growth,18.95,19.39,7.6,7.6,0.12961449795669316,0.22108683979276353,0.08329931222337687,-0.008427720099019353,-21.75,40.22,0.75
120842,Kotak Emerging Equity Fund - Regular - Growth,21.56,6.65,6.45,6.45,0.07599984804658916,0.12469346986475667,0.0785865149291694,0.000647555554442608,-24.0,40.12,1.56
101207,ABSL Small Cap Fund - Regular - Growth,-23.19,-4.53,7.64,7.64,0.16266076928646767,0.2766437962609234,0.10820454812152297,-0.059855845864600625,-35.45,37.78,1.53
120507,ICICI Pru Liquid Fund - Regular - Growth,7.13,7.11,6.97,6.97,0.49572339295331247,1.052123882260929,0.06747180157927476,-0.0011254611770458527,-0.1,37.52,0.74
119092,Axis Bluechip Fund - Regular - Growth,1.55,1.18,6.13,6.13,0.030784850954585885,0.052573985593047975,0.0697017081135713,-0.019608739866468196,-14.4,31.79,1.64
119095,Axis Small Cap Fund - Regular - Growth,-41.56,-10.57,1.47,1.47,-0.07597357117478919,-0.12818559275851926,0.0456801280646923,0.0132917234707355,-51.68,29.87,1.38
100016,HDFC Top 100 Fund - Regular Plan - Growth,-2.14,0.99,2.54,2.54,-0.20151706755966947,-0.3510474601523091,0.03622082583927385,-0.025909405765861097,-24.73,27.46,1.55
120844,Kotak Liquid Fund - Regular - Growth,6.84,6.46,6.66,6.66,-0.08874729621557327,-0.18772304774242318,0.06454601487990588,-7.563158272733974e-05,-0.12,26.22,0.6
102886,UTI Mid Cap Fund - Regular - Growth,-16.21,-0.92,1.13,1.13,-0.20583160785470325,-0.34722230254727265,0.028949366251249286,-0.06147606747188307,-28.0,24.9,1.51
119120,SBI Magnum Gilt Fund - Regular Plan - Growth,5.31,5.7,5.67,5.67,-0.22657538662791601,-0.37676700817066694,0.055762723198290544,0.011990672594122525,-4.33,24.24,0.77
118636,Nippon India Gilt Securities Fund - Regular - Growth,10.04,3.69,5.12,5.12,-0.35662950751436806,-0.613525128727103,0.05096267106480351,-0.008492388448091661,-8.32,23.71,0.55
100025,HDFC Short Term Debt Fund - Regular - Growth,3.56,3.76,4.29,4.29,-0.5670947928476847,-0.9418212366054205,0.043189313078713834,-0.016175640851260303,-4.31,17.11,0.56
101208,ABSL Liquid Fund - Regular - Growth,6.95,6.08,6.27,6.27,-0.8155673679088272,-1.6810378667512837,0.06084211292226629,0.0013273169546884347,-0.16,12.45,0.79
