investor_id,num_sips,avg_gap_days,max_gap_days,at_risk,age_group,city
INV000004,6,85.4,265,Yes,26-35,Chandigarh
INV000008,6,70.4,165,Yes,26-35,Amritsar
INV000010,6,64.8,139,Yes,36-45,Pune
INV000011,7,40.2,125,Yes,26-35,Kolkata
INV000012,8,57.0,132,Yes,46-55,Kanpur
INV000013,7,55.3,104,Yes,18-25,Nashik
INV000014,7,75.3,128,Yes,18-25,Chennai
INV000023,8,58.6,115,Yes,46-55,Kolkata
INV000028,6,93.6,238,Yes,18-25,Surat
INV000029,7,60.7,96,Yes,26-35,Udaipur
INV000030,9,47.6,100,Yes,18-25,Noida
INV000033,8,45.6,87,Yes,36-45,New Delhi
INV000039,6,68.6,129,Yes,26-35,Bhopal
INV000045,6,70.6,109,Yes,36-45,Lucknow
INV000048,9,46.0,168,Yes,36-45,Jaipur
INV000052,6,36.2,120,Yes,26-35,Coimbatore
INV000056,6,74.8,161,Yes,26-35,Faridabad
INV000057,8,49.7,149,Yes,36-45,Chennai
INV000069,10,49.1,129,Yes,56+,Ahmedabad
INV000072,6,83.0,247,Yes,18-25,Ahmedabad
INV000073,9,48.2,112,Yes,18-25,Amritsar
INV000074,8,72.6,191,Yes,26-35,Jaipur
INV000075,6,74.8,102,Yes,36-45,Bhopal
INV000076,6,91.8,203,Yes,56+,Ahmedabad
INV000079,6,65.8,90,Yes,26-35,Surat
INV000081,7,81.3,167,Yes,36-45,Surat
INV000082,7,83.7,351,Yes,26-35,Udaipur
INV000086,10,44.7,167,Yes,18-25,Mysore
INV000087,6,92.8,202,Yes,36-45,Jaipur
INV000091,8,44.0,105,Yes,26-35,Gurugram
INV000093,7,55.5,91,Yes,36-45,Mumbai
INV000094,6,44.8,95,Yes,18-25,Kolkata
INV000095,6,69.4,155,Yes,18-25,Kolkata
INV000097,7,54.5,183,Yes,18-25,Mysore
INV000101,8,65.0,197,Yes,26-35,Indore
INV000102,8,65.3,109,Yes,26-35,Surat
INV000103,6,83.4,232,Yes,26-35,Chandigarh
INV000105,8,57.0,87,Yes,56+,Chandigarh
INV000109,9,46.2,63,Yes,26-35,Bangalore
INV000113,8,46.0,144,Yes,26-35,Chandigarh
INV000123,7,59.7,142,Yes,46-55,Chandigarh
INV000128,6,82.0,181,Yes,36-45,Jaipur
INV000131,7,56.0,123,Yes,36-45,Hyderabad
INV000132,6,71.0,139,Yes,46-55,Bangalore
INV000133,6,88.2,265,Yes,26-35,Bangalore
INV000138,6,76.2,220,Yes,26-35,Hyderabad
INV000145,6,89.4,282,Yes,26-35,New Delhi
INV000146,6,66.8,171,Yes,26-35,Gurugram
INV000148,9,52.0,168,Yes,18-25,Hyderabad
INV000155,7,37.3,99,Yes,26-35,Bhopal
INV000161,7,73.0,213,Yes,18-25,Jaipur
INV000163,8,61.0,80,Yes,46-55,Kanpur
INV000164,6,61.8,208,Yes,18-25,Udaipur
INV000169,7,67.8,145,Yes,26-35,Jaipur
INV000173,7,57.7,165,Yes,26-35,Mumbai
INV000175,7,83.7,170,Yes,26-35,Bangalore
INV000177,8,65.4,278,Yes,26-35,Jaipur
INV000180,6,61.8,229,Yes,46-55,Coimbatore
INV000183,9,56.1,216,Yes,26-35,Coimbatore
INV000191,7,56.5,161,Yes,26-35,Bangalore
INV000194,7,58.0,109,Yes,36-45,Pune
INV000195,6,77.4,114,Yes,36-45,Bhopal
INV000196,7,69.0,176,Yes,26-35,Chennai
INV000201,9,51.1,100,Yes,46-55,Indore
INV000205,8,62.6,193,Yes,18-25,Faridabad
INV000210,8,70.7,163,Yes,26-35,Jaipur
INV000214,6,94.8,306,Yes,26-35,Indore
INV000217,6,92.0,183,Yes,56+,Chennai
INV000228,9,59.8,188,Yes,26-35,Bangalore
INV000236,8,67.1,112,Yes,36-45,Bangalore
INV000238,6,93.6,287,Yes,36-45,Hyderabad
INV000239,8,48.9,105,Yes,36-45,Amritsar
INV000243,6,88.2,137,Yes,26-35,Chandigarh
INV000245,6,92.2,164,Yes,26-35,Amritsar
INV000249,7,45.5,162,Yes,26-35,Amritsar
INV000252,6,50.4,96,Yes,46-55,Surat
INV000255,6,48.6,103,Yes,26-35,Gurugram
INV000256,6,70.2,155,Yes,36-45,New Delhi
INV000259,6,70.6,165,Yes,36-45,Coimbatore
INV000260,8,59.6,206,Yes,18-25,Gurugram
INV000262,8,53.6,122,Yes,36-45,Hyderabad
INV000263,8,68.4,271,Yes,56+,Bhopal
INV000265,10,53.4,140,Yes,36-45,Bhopal
INV000268,7,62.3,143,Yes,18-25,Gurugram
INV000279,9,43.4,133,Yes,26-35,Ahmedabad
INV000280,9,55.8,191,Yes,26-35,Amritsar
INV000283,6,68.0,195,Yes,46-55,Kolkata
INV000287,7,69.8,301,Yes,56+,Kanpur
INV000289,8,62.7,142,Yes,36-45,Gurugram
INV000291,6,89.0,196,Yes,18-25,Indore
INV000292,7,46.0,95,Yes,18-25,Lucknow
INV000293,7,47.0,91,Yes,26-35,Mysore
INV000297,6,90.6,163,Yes,26-35,Ahmedabad
INV000299,6,85.2,240,Yes,26-35,Noida
INV000304,7,70.0,204,Yes,36-45,Kolkata
INV000309,8,52.0,157,Yes,26-35,Gurugram
INV000310,7,75.8,164,Yes,36-45,Noida
INV000318,6,97.4,175,Yes,46-55,Bhopal
INV000319,7,73.5,201,Yes,56+,Mumbai
INV000321,7,72.8,204,Yes,26-35,Mumbai
INV000328,9,37.5,73,Yes,26-35,Bhopal
INV000331,8,50.7,163,Yes,36-45,Indore
INV000334,7,25.5,60,Yes,56+,Lucknow
INV000335,6,96.0,279,Yes,26-35,Mumbai
INV000339,6,94.0,195,Yes,26-35,Kanpur
INV000341,8,54.4,191,Yes,26-35,New Delhi
INV000356,6,54.4,157,Yes,56+,Faridabad
INV000359,9,54.1,197,Yes,18-25,Chennai
INV000363,7,77.0,153,Yes,26-35,Bhopal
INV000369,6,43.8,112,Yes,26-35,Gurugram
INV000371,8,59.3,147,Yes,26-35,Agra
INV000372,7,54.5,121,Yes,36-45,Surat
INV000380,6,97.0,272,Yes,56+,Gurugram
INV000388,9,53.6,119,Yes,36-45,Nashik
INV000392,7,77.2,205,Yes,26-35,Surat
INV000395,7,55.7,119,Yes,18-25,Noida
INV000396,6,83.2,153,Yes,46-55,Jaipur
INV000399,10,49.6,68,Yes,26-35,Bangalore
INV000400,6,62.6,101,Yes,26-35,Chandigarh
INV000403,6,58.2,90,Yes,18-25,Jaipur
INV000407,6,82.4,157,Yes,36-45,Coimbatore
INV000408,6,46.8,125,Yes,56+,Amritsar
INV000412,8,43.7,70,Yes,18-25,Udaipur
INV000414,8,66.3,233,Yes,36-45,Chennai
INV000415,7,66.2,128,Yes,36-45,Pune
INV000418,6,86.8,238,Yes,26-35,Jaipur
INV000427,7,68.5,116,Yes,56+,Amritsar
INV000428,8,52.1,164,Yes,36-45,Gurugram
INV000429,6,77.2,187,Yes,36-45,Surat
INV000437,6,97.8,295,Yes,26-35,Hyderabad
INV000440,8,69.6,162,Yes,18-25,Agra
INV000441,6,60.8,151,Yes,26-35,Chennai
INV000444,6,73.2,129,Yes,36-45,Pune
INV000445,9,57.8,129,Yes,26-35,Bhopal
INV000446,6,38.6,101,Yes,26-35,Jaipur
INV000449,6,46.8,70,Yes,18-25,Faridabad
INV000452,9,49.4,123,Yes,26-35,Coimbatore
INV000457,6,91.4,256,Yes,26-35,Faridabad
INV000460,6,43.4,107,Yes,36-45,Noida
INV000463,7,65.2,181,Yes,26-35,Ahmedabad
INV000466,7,73.3,135,Yes,18-25,Faridabad
INV000467,10,56.7,272,Yes,18-25,Bangalore
INV000469,7,70.5,183,Yes,18-25,Coimbatore
INV000483,8,70.4,252,Yes,18-25,Gurugram
INV000491,6,95.0,202,Yes,56+,Indore
INV000493,10,47.6,201,Yes,18-25,Chandigarh
INV000497,7,71.8,191,Yes,36-45,Bhopal
INV000499,7,77.8,157,Yes,36-45,New Delhi
INV000507,7,70.2,249,Yes,36-45,Ahmedabad
INV000512,9,54.8,112,Yes,46-55,Amritsar
INV000522,6,100.8,309,Yes,26-35,Chandigarh
INV000524,7,55.0,91,Yes,56+,Kolkata
INV000527,6,50.8,116,Yes,26-35,Hyderabad
INV000529,6,59.2,110,Yes,18-25,Mumbai
INV000531,7,47.0,82,Yes,56+,Gurugram
INV000539,7,77.0,153,Yes,26-35,Faridabad
INV000540,7,73.5,123,Yes,26-35,Coimbatore
INV000543,7,83.7,218,Yes,36-45,Gurugram
INV000545,6,80.6,181,Yes,26-35,Hyderabad
INV000546,9,55.0,154,Yes,26-35,Mysore
INV000547,6,55.8,140,Yes,26-35,Kolkata
INV000549,6,96.2,146,Yes,46-55,Coimbatore
INV000553,6,72.0,172,Yes,36-45,Jaipur
INV000554,6,70.2,171,Yes,36-45,Noida
INV000556,8,52.4,156,Yes,18-25,Udaipur
INV000562,6,74.4,197,Yes,36-45,Ahmedabad
INV000563,7,76.3,198,Yes,26-35,Lucknow
INV000566,7,35.0,119,Yes,36-45,Agra
INV000567,6,63.8,166,Yes,26-35,New Delhi
INV000568,6,62.4,180,Yes,36-45,New Delhi
INV000570,8,67.3,186,Yes,26-35,Bhopal
INV000573,7,50.8,154,Yes,56+,Bhopal
INV000575,6,71.6,155,Yes,26-35,Amritsar
INV000578,7,66.8,164,Yes,26-35,Nashik
INV000581,7,78.3,160,Yes,36-45,Coimbatore
INV000586,7,44.5,111,Yes,36-45,Kolkata
INV000589,9,59.1,90,Yes,18-25,Kanpur
INV000591,7,64.5,112,Yes,18-25,Bangalore
INV000593,6,74.2,179,Yes,56+,Hyderabad
INV000596,9,51.8,140,Yes,56+,Indore
INV000597,6,88.6,198,Yes,46-55,Surat
INV000599,7,81.5,171,Yes,36-45,Ahmedabad
INV000607,7,66.7,209,Yes,56+,Jaipur
INV000608,6,100.2,324,Yes,46-55,Gurugram
INV000609,6,47.0,87,Yes,18-25,Coimbatore
INV000612,11,49.3,169,Yes,18-25,Amritsar
INV000615,7,55.8,139,Yes,36-45,Amritsar
INV000624,7,31.7,53,Yes,56+,Kolkata
INV000625,6,86.4,134,Yes,46-55,Jaipur
INV000630,7,68.7,161,Yes,26-35,Kanpur
INV000631,6,54.0,145,Yes,36-45,Noida
INV000634,9,52.2,147,Yes,26-35,Bangalore
INV000635,6,75.0,240,Yes,18-25,New Delhi
INV000641,6,54.8,126,Yes,26-35,Amritsar
INV000642,9,53.5,139,Yes,26-35,Surat
INV000645,6,66.0,127,Yes,18-25,Bangalore
INV000646,7,62.3,138,Yes,26-35,Lucknow
INV000651,6,94.0,304,Yes,18-25,New Delhi
INV000652,6,93.8,262,Yes,26-35,Gurugram
INV000657,8,64.7,106,Yes,26-35,Coimbatore
INV000662,8,66.1,185,Yes,36-45,Surat
INV000663,6,94.4,247,Yes,26-35,Gurugram
INV000665,10,36.2,148,Yes,26-35,Udaipur
INV000667,6,68.0,134,Yes,26-35,Hyderabad
INV000673,6,92.8,235,Yes,36-45,Nashik
INV000675,6,62.8,155,Yes,36-45,Kanpur
INV000676,11,35.3,106,Yes,56+,Udaipur
INV000678,7,63.3,140,Yes,26-35,Surat
INV000683,9,54.5,137,Yes,26-35,Mumbai
INV000690,8,56.3,134,Yes,46-55,Gurugram
INV000691,6,66.4,163,Yes,18-25,Chennai
INV000698,9,52.2,219,Yes,18-25,Bhopal
INV000699,6,42.8,147,Yes,18-25,Jaipur
INV000701,7,83.7,298,Yes,36-45,Kolkata
INV000707,9,34.4,106,Yes,36-45,Mysore
INV000709,7,65.2,128,Yes,26-35,Hyderabad
INV000710,6,88.6,264,Yes,26-35,Noida
INV000714,9,37.0,95,Yes,26-35,Kanpur
INV000718,7,57.8,118,Yes,26-35,Gurugram
INV000719,7,72.8,185,Yes,18-25,Coimbatore
INV000724,6,81.2,227,Yes,46-55,Kanpur
INV000725,7,67.7,92,Yes,18-25,Hyderabad
INV000734,8,64.0,180,Yes,26-35,Pune
INV000737,6,92.6,168,Yes,26-35,Indore
INV000747,6,84.6,205,Yes,36-45,Kolkata
INV000750,9,26.5,84,Yes,26-35,New Delhi
INV000751,9,53.0,193,Yes,36-45,Kanpur
INV000754,7,72.3,103,Yes,26-35,Kolkata
INV000759,7,83.0,156,Yes,26-35,Ahmedabad
INV000761,7,75.2,173,Yes,18-25,Udaipur
INV000768,8,60.0,124,Yes,56+,Noida
INV000772,6,46.0,81,Yes,56+,Bangalore
INV000774,7,73.7,169,Yes,36-45,Hyderabad
INV000776,8,59.4,116,Yes,26-35,Jaipur
INV000777,6,66.0,121,Yes,26-35,Lucknow
INV000778,8,59.7,182,Yes,26-35,Faridabad
INV000779,6,75.0,153,Yes,36-45,Ahmedabad
INV000783,6,89.8,187,Yes,46-55,Ahmedabad
INV000785,6,32.6,66,Yes,36-45,Chennai
INV000786,9,64.1,199,Yes,26-35,Bhopal
INV000789,8,55.1,225,Yes,56+,Surat
INV000793,8,69.1,149,Yes,26-35,Kolkata
INV000803,7,77.2,147,Yes,26-35,Mysore
INV000814,6,94.0,195,Yes,26-35,New Delhi
INV000822,7,55.5,141,Yes,26-35,Amritsar
INV000823,7,39.7,69,Yes,46-55,Bhopal
INV000827,8,58.3,122,Yes,36-45,Pune
INV000830,6,72.2,165,Yes,36-45,Chennai
INV000833,8,67.3,182,Yes,18-25,Nashik
INV000836,6,84.8,123,Yes,26-35,Gurugram
INV000843,6,55.6,102,Yes,26-35,Mumbai
INV000844,7,66.2,151,Yes,26-35,Surat
INV000847,6,47.8,75,Yes,26-35,Kolkata
INV000853,10,49.3,193,Yes,26-35,Chandigarh
INV000854,9,61.2,170,Yes,46-55,Bangalore
INV000858,9,44.9,157,Yes,36-45,Chennai
INV000862,6,91.2,372,Yes,26-35,Agra
INV000864,6,40.8,106,Yes,26-35,Chennai
INV000865,9,45.8,99,Yes,26-35,Coimbatore
INV000869,6,65.4,100,Yes,26-35,Kolkata
INV000873,7,73.5,299,Yes,26-35,Lucknow
INV000874,9,62.1,149,Yes,56+,Chennai
INV000877,6,59.4,159,Yes,36-45,Hyderabad
INV000881,10,46.1,155,Yes,26-35,Agra
INV000887,7,65.7,268,Yes,36-45,Coimbatore
INV000888,7,80.3,166,Yes,26-35,Ahmedabad
INV000893,7,59.5,147,Yes,46-55,Chandigarh
INV000894,6,55.0,105,Yes,36-45,Coimbatore
INV000901,6,54.0,95,Yes,46-55,Gurugram
INV000907,6,59.2,139,Yes,46-55,Bangalore
INV000920,6,75.6,220,Yes,56+,Gurugram
INV000926,6,80.0,111,Yes,36-45,New Delhi
INV000929,7,58.2,116,Yes,36-45,Kolkata
INV000930,8,32.4,118,Yes,18-25,Udaipur
INV000935,9,30.9,73,Yes,36-45,Hyderabad
INV000939,8,60.6,154,Yes,26-35,Bangalore
INV000942,7,53.0,92,Yes,56+,Faridabad
INV000949,7,67.5,135,Yes,26-35,Coimbatore
INV000950,6,91.0,215,Yes,36-45,Amritsar
INV000971,7,46.8,139,Yes,36-45,Mumbai
INV000974,7,73.5,143,Yes,46-55,Mumbai
INV000977,10,48.8,147,Yes,56+,Mysore
INV000979,6,79.8,115,Yes,26-35,Bangalore
INV000980,8,44.4,121,Yes,18-25,Kolkata
INV000981,6,50.4,104,Yes,36-45,Kolkata
INV000986,7,60.8,182,Yes,26-35,Coimbatore
INV000994,6,63.8,167,Yes,26-35,Pune
INV001001,8,60.3,137,Yes,26-35,Indore
INV001002,7,41.7,85,Yes,36-45,Hyderabad
INV001005,6,93.6,206,Yes,46-55,Bangalore
INV001008,7,64.7,191,Yes,46-55,Udaipur
INV001013,6,96.8,164,Yes,36-45,Hyderabad
INV001017,6,67.0,142,Yes,26-35,Kolkata
INV001019,9,44.9,180,Yes,26-35,Indore
INV001021,7,68.7,186,Yes,56+,Mumbai
INV001023,8,72.4,202,Yes,36-45,Ahmedabad
INV001025,6,38.8,76,Yes,18-25,Pune
INV001026,6,69.4,132,Yes,26-35,Gurugram
INV001037,10,42.0,86,Yes,36-45,Faridabad
INV001039,6,66.2,187,Yes,36-45,Surat
INV001041,7,83.0,195,Yes,18-25,Bhopal
INV001047,7,66.2,142,Yes,56+,Chennai
INV001048,8,47.0,84,Yes,46-55,New Delhi
INV001051,8,54.1,139,Yes,26-35,Gurugram
INV001053,8,55.9,116,Yes,46-55,Kolkata
INV001055,6,93.2,177,Yes,26-35,Gurugram
INV001060,9,53.4,89,Yes,36-45,Hyderabad
INV001061,9,51.1,141,Yes,18-25,Amritsar
INV001063,8,43.3,120,Yes,26-35,Faridabad
INV001064,9,59.5,160,Yes,46-55,Kolkata
INV001069,8,41.3,98,Yes,26-35,Hyderabad
INV001070,6,97.0,329,Yes,26-35,Coimbatore
INV001092,7,77.3,186,Yes,26-35,Gurugram
INV001099,8,26.1,63,Yes,26-35,Gurugram
INV001102,7,55.3,87,Yes,46-55,Kolkata
INV001115,6,81.4,290,Yes,26-35,Kanpur
INV001116,9,58.1,194,Yes,36-45,Faridabad
INV001117,8,61.7,137,Yes,18-25,Amritsar
INV001130,7,76.8,131,Yes,18-25,Jaipur
INV001137,7,57.0,120,Yes,56+,Kolkata
INV001140,6,60.4,125,Yes,36-45,Lucknow
INV001141,6,97.6,132,Yes,18-25,Kolkata
INV001142,7,42.8,106,Yes,26-35,Lucknow
INV001156,6,102.4,175,Yes,56+,Indore
INV001160,8,57.6,99,Yes,36-45,Mysore
INV001161,6,80.6,159,Yes,26-35,Kanpur
INV001163,7,67.3,255,Yes,26-35,Mysore
INV001167,6,96.2,207,Yes,36-45,Amritsar
INV001170,6,68.2,119,Yes,36-45,Mysore
INV001173,6,67.0,146,Yes,26-35,Chandigarh
INV001178,7,79.7,140,Yes,26-35,Kolkata
INV001180,6,74.4,198,Yes,26-35,Hyderabad
INV001181,8,67.4,163,Yes,26-35,Kolkata
INV001190,6,97.0,198,Yes,26-35,Mumbai
INV001195,8,53.4,167,Yes,26-35,Surat
INV001196,6,92.2,169,Yes,26-35,Chandigarh
INV001202,8,58.0,103,Yes,26-35,Bangalore
INV001206,6,83.6,190,Yes,26-35,Noida
INV001208,7,51.8,107,Yes,56+,Ahmedabad
INV001210,9,36.9,93,Yes,36-45,Agra
INV001217,8,60.1,205,Yes,26-35,Jaipur
INV001219,8,50.9,118,Yes,26-35,Kolkata
INV001220,7,77.2,104,Yes,36-45,Chandigarh
INV001223,7,70.8,175,Yes,56+,Amritsar
INV001234,8,60.6,119,Yes,26-35,Agra
INV001235,9,59.0,161,Yes,26-35,Faridabad
INV001237,6,98.0,182,Yes,26-35,Kolkata
INV001238,7,68.5,220,Yes,26-35,Gurugram
INV001242,6,69.8,128,Yes,36-45,Chennai
INV001251,6,82.0,223,Yes,26-35,Chandigarh
INV001262,7,44.8,116,Yes,26-35,Bangalore
INV001274,7,73.3,161,Yes,36-45,Mumbai
INV001275,7,66.7,140,Yes,36-45,Noida
INV001282,6,67.0,196,Yes,18-25,Kolkata
INV001287,6,92.2,157,Yes,36-45,Hyderabad
INV001288,7,45.7,148,Yes,26-35,Hyderabad
INV001291,6,76.2,181,Yes,46-55,Lucknow
INV001295,9,50.8,165,Yes,36-45,Indore
INV001298,7,71.8,158,Yes,26-35,Gurugram
INV001299,9,51.2,121,Yes,26-35,Faridabad
INV001304,6,97.6,177,Yes,26-35,Ahmedabad
INV001308,9,54.6,147,Yes,36-45,Jaipur
INV001310,6,81.2,232,Yes,46-55,Hyderabad
INV001314,10,50.4,130,Yes,26-35,Ahmedabad
INV001315,7,51.8,124,Yes,46-55,Hyderabad
INV001316,6,92.4,198,Yes,18-25,Chandigarh
INV001317,6,84.8,162,Yes,26-35,Chandigarh
INV001318,10,46.2,150,Yes,36-45,Hyderabad
INV001326,8,69.4,182,Yes,46-55,Udaipur
INV001329,6,68.2,97,Yes,36-45,Amritsar
INV001331,6,94.2,202,Yes,26-35,Ahmedabad
INV001332,7,80.0,179,Yes,26-35,Agra
INV001333,7,78.7,185,Yes,26-35,Faridabad
INV001336,8,65.9,198,Yes,18-25,Coimbatore
INV001348,7,47.8,121,Yes,26-35,Gurugram
INV001351,7,70.5,208,Yes,26-35,Kanpur
INV001355,6,60.2,187,Yes,46-55,Chennai
INV001356,6,79.2,191,Yes,26-35,Ahmedabad
INV001359,7,72.5,313,Yes,36-45,Gurugram
INV001361,7,50.5,103,Yes,26-35,Kolkata
INV001367,6,99.0,222,Yes,36-45,Nashik
INV001375,7,78.5,176,Yes,18-25,Gurugram
INV001376,7,78.7,181,Yes,26-35,Surat
INV001383,8,56.1,117,Yes,26-35,Pune
INV001387,9,57.2,130,Yes,36-45,Chennai
INV001394,8,63.6,171,Yes,56+,Bangalore
INV001400,6,76.8,266,Yes,36-45,Coimbatore
INV001401,6,68.6,197,Yes,26-35,Coimbatore
INV001406,10,47.7,202,Yes,46-55,Hyderabad
INV001407,6,45.2,141,Yes,26-35,Udaipur
INV001415,8,68.1,173,Yes,56+,Gurugram
INV001418,6,88.6,187,Yes,36-45,Noida
INV001419,6,85.8,137,Yes,26-35,New Delhi
INV001423,8,48.6,105,Yes,18-25,Bhopal
INV001428,6,79.4,174,Yes,26-35,New Delhi
INV001432,6,71.4,175,Yes,36-45,Lucknow
INV001434,6,80.6,178,Yes,46-55,Mumbai
INV001442,9,57.1,238,Yes,26-35,Lucknow
INV001454,7,73.0,176,Yes,26-35,Chennai
INV001455,8,64.7,153,Yes,36-45,Indore
INV001457,6,43.8,63,Yes,26-35,Ahmedabad
INV001458,7,59.8,101,Yes,46-55,Coimbatore
INV001466,6,44.6,82,Yes,46-55,Noida
INV001472,6,79.0,141,Yes,18-25,Kolkata
INV001482,6,80.6,280,Yes,46-55,Indore
INV001485,9,55.0,150,Yes,56+,Jaipur
INV001491,6,98.8,260,Yes,56+,Chennai
INV001497,9,63.0,138,Yes,36-45,Mumbai
INV001504,9,54.2,134,Yes,36-45,Faridabad
INV001507,6,86.2,167,Yes,26-35,Lucknow
INV001510,7,66.8,124,Yes,26-35,Surat
INV001514,7,51.8,72,Yes,46-55,Gurugram
INV001516,6,56.8,85,Yes,26-35,Coimbatore
INV001526,6,50.4,134,Yes,26-35,Bhopal
INV001530,7,64.7,122,Yes,26-35,Hyderabad
INV001532,7,56.8,101,Yes,36-45,Bhopal
INV001536,7,69.0,189,Yes,26-35,Mysore
INV001545,6,92.8,208,Yes,26-35,Bhopal
INV001547,7,72.2,119,Yes,36-45,Coimbatore
INV001548,6,80.6,197,Yes,26-35,New Delhi
INV001550,7,79.0,191,Yes,18-25,Chandigarh
INV001551,6,61.8,131,Yes,26-35,Chennai
INV001562,10,44.2,146,Yes,26-35,Noida
INV001564,8,55.7,157,Yes,46-55,Faridabad
INV001569,6,83.4,314,Yes,46-55,Chandigarh
INV001579,7,75.0,193,Yes,46-55,Bangalore
INV001580,7,45.7,119,Yes,26-35,Chandigarh
INV001585,6,56.6,182,Yes,36-45,Hyderabad
INV001587,7,65.0,144,Yes,26-35,Chandigarh
INV001597,7,56.0,165,Yes,36-45,Kolkata
INV001599,6,58.2,133,Yes,36-45,Faridabad
INV001602,6,93.8,294,Yes,36-45,Kolkata
INV001603,7,54.5,93,Yes,46-55,Agra
INV001605,8,60.6,136,Yes,26-35,Kanpur
INV001606,7,67.7,148,Yes,26-35,Amritsar
INV001616,9,53.0,117,Yes,26-35,Chennai
INV001623,6,92.0,188,Yes,26-35,Surat
INV001625,6,72.0,209,Yes,46-55,Kanpur
INV001628,8,51.7,139,Yes,36-45,Jaipur
INV001629,7,67.5,82,Yes,26-35,Indore
INV001631,6,57.0,101,Yes,36-45,Faridabad
INV001636,9,48.9,159,Yes,18-25,Udaipur
INV001641,6,88.4,168,Yes,26-35,Faridabad
INV001644,6,65.6,89,Yes,18-25,Bhopal
INV001645,6,67.6,202,Yes,46-55,Kanpur
INV001649,10,51.7,120,Yes,36-45,Hyderabad
INV001651,7,78.7,130,Yes,18-25,Ahmedabad
INV001653,6,55.2,94,Yes,36-45,Mumbai
INV001654,7,56.0,137,Yes,36-45,Lucknow
INV001656,8,59.9,246,Yes,26-35,Bhopal
INV001662,6,60.2,147,Yes,36-45,Gurugram
INV001672,9,34.0,130,Yes,18-25,Pune
INV001673,11,49.3,181,Yes,26-35,Kolkata
INV001680,9,58.9,200,Yes,26-35,Indore
INV001683,7,72.5,186,Yes,26-35,Gurugram
INV001689,6,83.6,153,Yes,36-45,Faridabad
INV001690,7,81.2,114,Yes,36-45,Jaipur
INV001691,6,82.0,254,Yes,26-35,Mumbai
INV001694,8,66.1,144,Yes,46-55,Amritsar
INV001697,9,62.5,287,Yes,18-25,Gurugram
INV001699,6,83.2,183,Yes,26-35,Indore
INV001709,6,51.8,84,Yes,36-45,New Delhi
INV001711,7,65.8,189,Yes,46-55,Bhopal
INV001712,6,66.6,144,Yes,18-25,Kolkata
INV001715,8,68.3,188,Yes,18-25,Surat
INV001718,6,84.0,237,Yes,26-35,Ahmedabad
INV001724,7,69.7,134,Yes,26-35,Indore
INV001728,8,50.6,131,Yes,26-35,Bangalore
INV001737,7,56.8,191,Yes,26-35,Hyderabad
INV001738,9,47.5,153,Yes,36-45,Bangalore
INV001739,9,52.5,96,Yes,36-45,Kolkata
INV001741,6,89.4,260,Yes,36-45,Udaipur
INV001744,7,78.5,155,Yes,26-35,Mysore
INV001752,7,69.3,170,Yes,26-35,Udaipur
INV001753,11,42.8,128,Yes,26-35,Jaipur
INV001757,8,55.6,121,Yes,46-55,Hyderabad
INV001759,10,49.6,126,Yes,36-45,Faridabad
INV001769,6,98.0,166,Yes,18-25,Chandigarh
INV001772,6,95.0,184,Yes,36-45,Hyderabad
INV001775,8,29.1,65,Yes,26-35,Kanpur
INV001777,9,57.6,156,Yes,18-25,Kolkata
INV001778,8,63.6,283,Yes,26-35,Mumbai
INV001797,7,79.7,132,Yes,26-35,Amritsar
INV001800,7,49.7,132,Yes,26-35,Chennai
INV001802,7,61.7,151,Yes,46-55,Chandigarh
INV001803,6,59.0,127,Yes,26-35,Udaipur
INV001804,8,55.9,126,Yes,26-35,Amritsar
INV001806,8,60.0,209,Yes,36-45,Hyderabad
INV001809,6,95.6,249,Yes,46-55,Hyderabad
INV001811,9,54.2,196,Yes,18-25,Amritsar
INV001822,6,19.8,43,Yes,36-45,Ahmedabad
INV001823,8,58.1,172,Yes,26-35,Coimbatore
INV001826,6,51.2,128,Yes,18-25,Amritsar
INV001828,8,44.4,91,Yes,36-45,Surat
INV001831,6,72.8,181,Yes,18-25,Indore
INV001837,7,62.8,157,Yes,18-25,Agra
INV001841,6,56.2,129,Yes,36-45,Bhopal
INV001853,8,47.4,95,Yes,18-25,Noida
INV001858,8,55.1,261,Yes,36-45,Amritsar
INV001865,7,63.5,145,Yes,18-25,Hyderabad
INV001866,6,58.8,117,Yes,36-45,Hyderabad
INV001870,7,76.0,164,Yes,26-35,Indore
INV001871,7,55.0,101,Yes,56+,Gurugram
INV001883,6,99.2,203,Yes,46-55,Pune
INV001885,6,71.2,128,Yes,26-35,Bangalore
INV001886,9,50.8,129,Yes,18-25,Gurugram
INV001890,6,102.6,207,Yes,26-35,Bhopal
INV001891,6,96.4,261,Yes,26-35,Kolkata
INV001909,8,62.1,121,Yes,36-45,Hyderabad
INV001912,6,86.4,256,Yes,26-35,Gurugram
INV001920,7,39.0,76,Yes,36-45,Indore
INV001921,8,68.6,225,Yes,26-35,Surat
INV001923,7,80.7,106,Yes,18-25,Surat
INV001924,7,59.2,119,Yes,18-25,Bangalore
INV001927,6,58.8,91,Yes,56+,Jaipur
INV001929,6,66.2,242,Yes,56+,Jaipur
INV001937,8,60.4,253,Yes,18-25,Gurugram
INV001938,9,43.0,112,Yes,26-35,Mysore
INV001943,6,74.4,171,Yes,56+,Kolkata
INV001950,7,60.2,134,Yes,26-35,Pune
INV001951,7,58.8,124,Yes,26-35,Chandigarh
INV001954,6,86.8,273,Yes,26-35,Agra
INV001955,6,76.0,199,Yes,26-35,Bhopal
INV001961,6,83.4,234,Yes,26-35,Gurugram
INV001969,6,79.2,163,Yes,26-35,Kanpur
INV001971,8,54.7,87,Yes,26-35,Ahmedabad
INV001972,8,42.4,153,Yes,18-25,Kanpur
INV001978,6,83.2,112,Yes,36-45,Hyderabad
INV001979,6,55.4,100,Yes,26-35,Pune
INV001982,6,85.8,289,Yes,26-35,Mysore
INV001986,7,47.7,98,Yes,36-45,Indore
INV001987,7,67.0,241,Yes,18-25,Coimbatore
INV001990,8,45.3,91,Yes,26-35,Amritsar
INV001993,6,56.6,147,Yes,36-45,Agra
INV001995,6,48.6,94,Yes,26-35,Surat
INV001997,6,88.6,168,Yes,56+,New Delhi
INV002001,6,84.8,335,Yes,36-45,Kanpur
INV002006,6,73.6,157,Yes,26-35,Chandigarh
INV002010,6,74.6,103,Yes,56+,Agra
INV002017,7,44.7,99,Yes,26-35,Mysore
INV002018,6,63.6,106,Yes,26-35,Agra
INV002019,6,68.8,117,Yes,36-45,New Delhi
INV002025,7,55.8,92,Yes,26-35,Mysore
INV002033,7,55.0,123,Yes,46-55,Ahmedabad
INV002034,8,69.0,166,Yes,26-35,Lucknow
INV002037,6,33.2,61,Yes,56+,New Delhi
INV002038,6,84.0,202,Yes,26-35,Bhopal
INV002051,6,78.6,159,Yes,46-55,Ahmedabad
INV002052,7,44.2,114,Yes,36-45,Lucknow
INV002069,10,47.6,95,Yes,46-55,Kolkata
INV002070,7,81.3,118,Yes,36-45,Hyderabad
INV002083,10,51.7,193,Yes,26-35,Surat
INV002085,6,65.0,220,Yes,56+,Hyderabad
INV002090,6,90.2,231,Yes,26-35,Mumbai
INV002092,7,33.5,54,Yes,18-25,Amritsar
INV002101,6,80.2,248,Yes,26-35,Lucknow
INV002102,6,44.8,63,Yes,26-35,Bhopal
INV002107,8,71.1,298,Yes,26-35,Hyderabad
INV002111,8,62.4,123,Yes,36-45,Hyderabad
INV002119,6,78.0,195,Yes,26-35,Coimbatore
INV002121,7,68.5,197,Yes,18-25,Bhopal
INV002122,7,40.3,97,Yes,46-55,Ahmedabad
INV002127,6,60.2,113,Yes,18-25,Udaipur
INV002134,7,82.7,180,Yes,26-35,Udaipur
INV002138,6,91.8,189,Yes,46-55,Bangalore
INV002142,9,45.5,162,Yes,18-25,Chennai
INV002143,8,63.6,148,Yes,26-35,Lucknow
INV002149,8,42.3,215,Yes,26-35,Coimbatore
INV002150,6,73.6,216,Yes,26-35,Kanpur
INV002151,9,60.4,201,Yes,26-35,Jaipur
INV002153,7,67.8,194,Yes,18-25,Nashik
INV002154,6,89.4,175,Yes,36-45,Lucknow
INV002155,6,78.0,190,Yes,56+,Hyderabad
INV002157,7,58.5,142,Yes,26-35,Chandigarh
INV002159,6,65.0,104,Yes,26-35,Gurugram
INV002162,9,58.4,198,Yes,46-55,Indore
INV002166,6,99.2,248,Yes,36-45,Gurugram
INV002171,7,55.8,150,Yes,56+,Hyderabad
INV002177,7,73.0,330,Yes,26-35,Gurugram
INV002178,8,66.4,236,Yes,36-45,Ahmedabad
INV002179,8,54.1,171,Yes,26-35,Gurugram
INV002182,7,70.5,148,Yes,36-45,Bhopal
INV002185,6,48.4,92,Yes,26-35,Chandigarh
INV002186,7,74.8,167,Yes,18-25,Faridabad
INV002187,7,67.8,221,Yes,36-45,Chennai
INV002195,9,49.2,154,Yes,26-35,Hyderabad
INV002196,8,62.1,115,Yes,26-35,Gurugram
INV002198,9,43.0,93,Yes,36-45,Gurugram
INV002199,7,50.8,94,Yes,26-35,Ahmedabad
INV002202,8,70.4,276,Yes,18-25,Indore
INV002206,7,49.0,141,Yes,18-25,Chennai
INV002208,7,71.3,142,Yes,56+,Chandigarh
INV002211,7,63.8,109,Yes,26-35,Surat
INV002216,8,61.7,172,Yes,46-55,Mumbai
INV002218,6,67.8,181,Yes,36-45,Amritsar
INV002219,8,70.9,166,Yes,26-35,Mysore
INV002228,6,68.6,109,Yes,18-25,Kanpur
INV002229,6,64.6,101,Yes,36-45,Jaipur
INV002230,8,57.6,171,Yes,36-45,Noida
INV002232,7,69.2,174,Yes,26-35,Bangalore
INV002236,7,73.7,119,Yes,26-35,New Delhi
INV002237,7,51.7,142,Yes,46-55,Agra
INV002240,7,77.8,266,Yes,26-35,Faridabad
INV002241,7,65.7,124,Yes,36-45,Amritsar
INV002251,6,62.6,157,Yes,26-35,Chandigarh
INV002256,6,75.6,115,Yes,46-55,Jaipur
INV002259,7,45.3,89,Yes,18-25,Bhopal
INV002260,6,77.8,235,Yes,26-35,Hyderabad
INV002265,7,63.2,244,Yes,18-25,Jaipur
INV002277,7,67.3,127,Yes,26-35,Gurugram
INV002280,7,71.7,182,Yes,18-25,Mysore
INV002282,6,53.2,102,Yes,36-45,Kolkata
INV002284,6,85.0,277,Yes,36-45,Bangalore
INV002290,6,61.6,112,Yes,36-45,Ahmedabad
INV002294,8,48.7,163,Yes,26-35,Gurugram
INV002295,7,64.5,159,Yes,26-35,Hyderabad
INV002298,6,23.2,37,Yes,56+,Nashik
INV002304,10,42.6,104,Yes,46-55,Mysore
INV002315,7,71.8,174,Yes,18-25,Faridabad
INV002319,7,60.0,123,Yes,26-35,Mysore
INV002322,6,63.4,102,Yes,18-25,Chennai
INV002327,6,76.4,215,Yes,26-35,Amritsar
INV002329,7,57.0,183,Yes,56+,Indore
INV002342,6,74.2,212,Yes,26-35,Mumbai
INV002343,9,57.8,115,Yes,26-35,Amritsar
INV002347,9,40.5,79,Yes,26-35,New Delhi
INV002348,6,94.4,166,Yes,26-35,Agra
INV002349,6,52.2,75,Yes,26-35,Amritsar
INV002351,6,77.2,204,Yes,36-45,Ahmedabad
INV002357,7,68.3,240,Yes,26-35,Gurugram
INV002360,9,56.1,129,Yes,26-35,Mumbai
INV002361,6,55.4,198,Yes,36-45,Surat
INV002367,7,52.5,134,Yes,26-35,Hyderabad
INV002368,7,61.2,215,Yes,26-35,Hyderabad
INV002369,6,60.0,136,Yes,36-45,Bhopal
INV002370,7,70.2,237,Yes,26-35,Noida
INV002372,6,95.2,133,Yes,36-45,Pune
INV002373,8,70.1,154,Yes,36-45,Pune
INV002374,6,21.2,34,No,26-35,Kanpur
INV002384,10,39.1,92,Yes,26-35,Mysore
INV002388,6,33.2,84,Yes,18-25,Faridabad
INV002389,10,50.8,126,Yes,36-45,Faridabad
INV002390,6,47.0,100,Yes,56+,Kanpur
INV002391,6,40.2,124,Yes,18-25,Bhopal
INV002395,6,97.0,225,Yes,26-35,Kolkata
INV002400,9,55.4,141,Yes,36-45,Chandigarh
INV002401,8,59.1,125,Yes,26-35,Kolkata
INV002402,7,47.2,89,Yes,46-55,Lucknow
INV002407,7,47.8,167,Yes,36-45,Kolkata
INV002409,8,55.6,125,Yes,18-25,Amritsar
INV002413,8,53.0,189,Yes,26-35,Surat
INV002415,8,57.4,110,Yes,36-45,Kolkata
INV002417,7,83.3,190,Yes,26-35,Coimbatore
INV002418,6,91.6,128,Yes,36-45,Faridabad
INV002420,6,72.8,107,Yes,26-35,Mysore
INV002422,10,50.3,139,Yes,36-45,Chennai
INV002429,6,78.6,216,Yes,26-35,Udaipur
INV002434,6,88.2,217,Yes,26-35,Agra
INV002437,7,49.2,212,Yes,26-35,Faridabad
INV002445,8,38.1,117,Yes,26-35,Chandigarh
INV002453,7,63.0,87,Yes,26-35,Surat
INV002458,6,72.4,232,Yes,18-25,Kolkata
INV002459,8,53.7,161,Yes,18-25,Udaipur
INV002463,6,95.4,236,Yes,18-25,Amritsar
INV002464,6,35.4,97,Yes,26-35,Bangalore
INV002466,7,80.7,270,Yes,36-45,Indore
INV002467,8,38.9,116,Yes,36-45,Chandigarh
INV002471,6,56.4,98,Yes,18-25,Chandigarh
INV002475,10,49.7,119,Yes,26-35,New Delhi
INV002476,6,86.0,235,Yes,36-45,Hyderabad
INV002485,6,70.4,136,Yes,46-55,Mysore
INV002490,8,70.0,125,Yes,36-45,Surat
INV002495,6,82.2,174,Yes,26-35,Nashik
INV002496,6,53.0,156,Yes,36-45,Mysore
INV002497,8,67.3,152,Yes,26-35,Hyderabad
INV002508,9,51.6,171,Yes,46-55,Kolkata
INV002509,10,33.7,74,Yes,36-45,Mumbai
INV002510,7,64.3,176,Yes,36-45,Mysore
INV002521,6,74.6,206,Yes,26-35,Chandigarh
INV002527,7,49.7,93,Yes,18-25,Hyderabad
INV002530,8,71.4,175,Yes,36-45,Hyderabad
INV002531,7,76.3,182,Yes,36-45,Udaipur
INV002543,7,74.7,116,Yes,18-25,Indore
INV002547,6,89.0,181,Yes,26-35,Gurugram
INV002552,10,48.2,184,Yes,36-45,Gurugram
INV002554,7,49.7,100,Yes,18-25,Bhopal
INV002555,7,72.0,172,Yes,36-45,Ahmedabad
INV002557,7,67.2,264,Yes,26-35,Kolkata
INV002558,6,97.6,297,Yes,26-35,Faridabad
INV002560,6,95.2,155,Yes,26-35,Faridabad
INV002563,6,65.8,114,Yes,18-25,Indore
INV002567,6,82.0,127,Yes,36-45,Indore
INV002568,8,61.6,144,Yes,26-35,Lucknow
INV002570,7,62.0,150,Yes,36-45,Chandigarh
INV002572,8,55.7,108,Yes,56+,Jaipur
INV002574,6,79.4,139,Yes,26-35,Nashik
INV002575,9,56.1,128,Yes,18-25,Kolkata
INV002579,6,40.8,71,Yes,36-45,Mumbai
INV002582,6,77.4,173,Yes,26-35,Hyderabad
INV002585,6,65.0,124,Yes,18-25,Lucknow
INV002586,6,87.2,168,Yes,26-35,Kolkata
INV002590,10,50.2,125,Yes,36-45,Kolkata
INV002591,6,52.2,139,Yes,18-25,Ahmedabad
INV002594,6,94.0,244,Yes,26-35,Gurugram
INV002598,9,51.4,179,Yes,26-35,Lucknow
INV002602,8,66.0,151,Yes,56+,Surat
INV002606,6,89.6,248,Yes,26-35,Hyderabad
INV002613,8,65.0,143,Yes,46-55,Bangalore
INV002622,7,76.7,244,Yes,18-25,Mysore
INV002627,6,85.0,182,Yes,26-35,Kolkata
INV002628,6,77.0,322,Yes,26-35,Agra
INV002632,8,65.6,180,Yes,26-35,Chennai
INV002640,7,70.0,153,Yes,56+,Faridabad
INV002643,6,74.2,229,Yes,36-45,Hyderabad
INV002645,7,45.2,133,Yes,46-55,Gurugram
INV002654,8,61.9,115,Yes,36-45,New Delhi
INV002659,7,62.3,224,Yes,36-45,Bhopal
INV002666,7,53.2,100,Yes,46-55,Bhopal
INV002671,7,77.2,163,Yes,18-25,Indore
INV002673,8,65.0,147,Yes,26-35,Mumbai
INV002674,6,75.8,153,Yes,26-35,Mysore
INV002675,8,63.9,138,Yes,36-45,Agra
INV002681,7,83.7,161,Yes,18-25,Nashik
INV002684,6,80.6,266,Yes,36-45,New Delhi
INV002688,9,37.0,122,Yes,26-35,Lucknow
INV002689,8,50.0,115,Yes,26-35,Bhopal
INV002693,7,45.8,72,Yes,26-35,Kanpur
INV002697,7,55.3,199,Yes,26-35,Kolkata
INV002700,7,79.8,140,Yes,26-35,Coimbatore
INV002704,8,59.1,139,Yes,36-45,Noida
INV002705,8,22.6,70,Yes,46-55,Lucknow
INV002706,6,73.6,133,Yes,46-55,Faridabad
INV002711,8,65.6,230,Yes,26-35,Gurugram
INV002712,11,46.8,174,Yes,46-55,Bangalore
INV002722,6,61.4,178,Yes,36-45,Noida
INV002723,9,37.8,102,Yes,36-45,Kolkata
INV002724,6,76.6,187,Yes,36-45,Udaipur
INV002726,8,45.6,84,Yes,36-45,Ahmedabad
INV002732,8,70.7,151,Yes,18-25,Lucknow
INV002733,8,51.6,150,Yes,26-35,Chandigarh
INV002735,7,68.2,136,Yes,18-25,Coimbatore
INV002736,6,70.6,323,Yes,18-25,Mysore
INV002737,8,58.4,104,Yes,18-25,Ahmedabad
INV002743,6,88.2,190,Yes,56+,Gurugram
INV002744,10,52.9,139,Yes,36-45,Bangalore
INV002746,8,68.0,206,Yes,26-35,Noida
INV002750,6,72.4,254,Yes,36-45,Bhopal
INV002751,7,41.5,102,Yes,36-45,New Delhi
INV002758,6,81.0,263,Yes,26-35,Gurugram
INV002761,6,80.6,312,Yes,26-35,Jaipur
INV002766,6,70.6,151,Yes,26-35,Chandigarh
INV002767,7,55.3,145,Yes,26-35,Indore
INV002769,7,82.0,141,Yes,18-25,Pune
INV002772,7,74.5,168,Yes,26-35,Faridabad
INV002779,6,64.2,151,Yes,26-35,Lucknow
INV002783,7,64.0,126,Yes,26-35,Kolkata
INV002786,7,76.3,124,Yes,26-35,Coimbatore
INV002793,7,59.3,125,Yes,36-45,Bhopal
INV002794,7,56.2,111,Yes,56+,Bhopal
INV002799,6,70.8,129,Yes,36-45,Lucknow
INV002800,7,63.5,108,Yes,36-45,Kolkata
INV002803,7,64.8,176,Yes,36-45,Agra
INV002804,8,59.9,209,Yes,36-45,Indore
INV002808,7,59.7,120,Yes,26-35,Agra
INV002809,6,81.4,276,Yes,36-45,Agra
INV002810,8,32.3,139,Yes,36-45,Amritsar
INV002813,7,49.0,149,Yes,26-35,Chandigarh
INV002822,7,53.0,108,Yes,46-55,Bangalore
INV002824,7,71.8,223,Yes,56+,Jaipur
INV002826,6,61.6,91,Yes,26-35,Gurugram
INV002827,6,73.6,200,Yes,36-45,Mysore
INV002828,6,80.0,211,Yes,26-35,Kolkata
INV002831,6,40.2,72,Yes,56+,Hyderabad
INV002835,7,82.3,233,Yes,26-35,Faridabad
INV002838,8,56.7,116,Yes,56+,Kolkata
INV002841,6,43.4,102,Yes,26-35,Kanpur
INV002843,8,43.1,128,Yes,26-35,Faridabad
INV002847,10,52.7,129,Yes,26-35,Faridabad
INV002850,7,53.2,166,Yes,46-55,Lucknow
INV002852,6,75.8,207,Yes,46-55,Kolkata
INV002859,7,76.5,198,Yes,26-35,Indore
INV002863,6,74.4,199,Yes,36-45,Udaipur
INV002865,6,37.2,50,Yes,18-25,Pune
INV002870,6,48.2,109,Yes,26-35,Mysore
INV002872,6,85.6,199,Yes,36-45,Kolkata
INV002873,6,98.2,235,Yes,18-25,Gurugram
INV002879,7,72.2,125,Yes,46-55,Coimbatore
INV002881,6,43.6,110,Yes,26-35,Agra
INV002883,6,96.0,176,Yes,26-35,Kolkata
INV002886,7,44.3,137,Yes,18-25,Chennai
INV002891,8,72.7,166,Yes,36-45,Faridabad
INV002893,9,50.0,148,Yes,56+,Hyderabad
INV002900,6,64.2,136,Yes,26-35,Faridabad
INV002903,6,89.6,176,Yes,36-45,Indore
INV002904,7,49.3,104,Yes,36-45,Kolkata
INV002905,6,73.0,221,Yes,36-45,Chennai
INV002906,6,41.2,74,Yes,26-35,Hyderabad
INV002909,7,82.3,263,Yes,36-45,Udaipur
INV002912,6,97.0,342,Yes,26-35,Mumbai
INV002913,7,73.7,168,Yes,56+,New Delhi
INV002915,8,49.3,117,Yes,18-25,Kolkata
INV002921,7,53.3,121,Yes,18-25,Amritsar
INV002927,8,40.3,79,Yes,56+,Amritsar
INV002935,7,48.0,72,Yes,18-25,Indore
INV002937,7,67.2,184,Yes,56+,Jaipur
INV002939,7,60.5,127,Yes,18-25,Udaipur
INV002942,9,55.5,180,Yes,36-45,Noida
INV002945,8,65.0,139,Yes,26-35,Nashik
INV002947,7,64.2,152,Yes,46-55,Nashik
INV002950,8,45.9,119,Yes,46-55,Indore
INV002951,7,51.8,82,Yes,36-45,Bangalore
INV002961,7,84.7,231,Yes,26-35,Ahmedabad
INV002974,7,51.3,105,Yes,26-35,Hyderabad
INV002984,6,91.0,200,Yes,26-35,Gurugram
INV002989,6,86.6,182,Yes,46-55,Faridabad
INV002994,7,58.2,142,Yes,18-25,Mysore
INV003000,7,67.0,137,Yes,36-45,Gurugram
INV003003,9,58.2,100,Yes,18-25,Kolkata
INV003005,8,53.1,107,Yes,26-35,Amritsar
INV003007,9,48.2,162,Yes,26-35,Faridabad
INV003009,9,38.1,84,Yes,26-35,Bangalore
INV003011,7,64.2,154,Yes,18-25,Ahmedabad
INV003014,6,82.4,144,Yes,26-35,Bangalore
INV003015,7,54.7,91,Yes,18-25,Indore
INV003018,6,49.2,156,Yes,36-45,Gurugram
INV003022,6,69.6,123,Yes,46-55,Hyderabad
INV003024,6,44.2,122,Yes,36-45,Pune
INV003025,8,35.3,65,Yes,26-35,Surat
INV003028,6,91.4,183,Yes,26-35,Chennai
INV003034,6,73.4,118,Yes,26-35,Chennai
INV003036,8,57.7,138,Yes,26-35,Hyderabad
INV003037,7,79.5,300,Yes,18-25,Hyderabad
INV003040,6,74.0,194,Yes,26-35,Bangalore
INV003043,7,73.8,131,Yes,26-35,Bangalore
INV003044,7,71.2,237,Yes,18-25,Kolkata
INV003045,6,36.2,71,Yes,26-35,Hyderabad
INV003047,8,70.1,215,Yes,46-55,Mumbai
INV003054,7,78.7,209,Yes,56+,Hyderabad
INV003060,7,79.0,135,Yes,56+,Jaipur
INV003063,7,57.8,112,Yes,36-45,Mumbai
INV003070,9,54.5,132,Yes,26-35,Kolkata
INV003074,6,74.8,123,Yes,26-35,Faridabad
INV003075,8,57.4,128,Yes,46-55,Gurugram
INV003078,7,69.2,126,Yes,36-45,Gurugram
INV003082,8,46.4,142,Yes,26-35,Hyderabad
INV003083,6,66.4,169,Yes,56+,Bhopal
INV003089,6,65.0,107,Yes,26-35,Agra
INV003091,9,50.9,199,Yes,36-45,New Delhi
INV003095,6,86.6,175,Yes,18-25,Bhopal
INV003097,8,62.7,121,Yes,26-35,Chandigarh
INV003105,7,65.5,140,Yes,18-25,Jaipur
INV003112,6,91.6,173,Yes,26-35,Pune
INV003113,8,66.9,159,Yes,26-35,Jaipur
INV003115,6,48.0,125,Yes,26-35,Surat
INV003117,8,66.6,115,Yes,18-25,Chennai
INV003134,7,76.8,172,Yes,36-45,Hyderabad
INV003139,7,55.2,133,Yes,36-45,Mysore
INV003140,8,57.0,125,Yes,26-35,Kolkata
INV003141,7,67.5,225,Yes,36-45,Pune
INV003144,7,82.5,243,Yes,36-45,Gurugram
INV003146,9,59.5,283,Yes,26-35,Udaipur
INV003151,6,81.0,146,Yes,56+,Coimbatore
INV003153,7,40.7,156,Yes,36-45,Indore
INV003158,9,55.6,138,Yes,26-35,Mysore
INV003161,6,77.4,118,Yes,36-45,Kanpur
INV003169,6,62.6,178,Yes,26-35,Hyderabad
INV003178,6,56.4,84,Yes,46-55,Hyderabad
INV003179,9,56.2,151,Yes,36-45,Jaipur
INV003185,6,65.2,116,Yes,26-35,Udaipur
INV003187,9,58.2,244,Yes,26-35,Faridabad
INV003189,9,55.1,198,Yes,36-45,Chennai
INV003191,6,76.8,138,Yes,18-25,Bhopal
INV003193,6,96.6,294,Yes,36-45,Jaipur
INV003196,7,80.3,319,Yes,26-35,Kolkata
INV003205,7,67.7,111,Yes,26-35,Chandigarh
INV003210,6,72.2,112,Yes,36-45,Faridabad
INV003211,7,69.0,104,Yes,36-45,Lucknow
INV003214,6,59.8,170,Yes,36-45,Chandigarh
INV003215,7,60.8,105,Yes,26-35,Surat
INV003219,6,57.2,86,Yes,46-55,Pune
INV003221,7,61.2,99,Yes,26-35,Mysore
INV003222,7,81.5,190,Yes,56+,Amritsar
INV003223,8,67.7,331,Yes,26-35,Coimbatore
INV003228,7,70.2,256,Yes,26-35,Bhopal
INV003230,7,67.5,251,Yes,18-25,Amritsar
INV003231,7,83.0,253,Yes,26-35,Gurugram
INV003234,6,96.6,188,Yes,26-35,Hyderabad
INV003236,9,51.1,115,Yes,18-25,Bhopal
INV003242,7,61.0,159,Yes,26-35,Chandigarh
INV003247,6,84.6,206,Yes,46-55,Indore
INV003252,6,67.6,192,Yes,46-55,Chennai
INV003256,7,51.0,90,Yes,46-55,Amritsar
INV003257,6,61.8,139,Yes,56+,Jaipur
INV003260,6,89.4,247,Yes,18-25,Indore
INV003262,6,85.2,162,Yes,46-55,Hyderabad
INV003267,6,74.4,197,Yes,36-45,Udaipur
INV003271,7,61.2,157,Yes,18-25,Kolkata
INV003273,8,60.1,134,Yes,36-45,Faridabad
INV003277,8,53.7,192,Yes,18-25,Jaipur
INV003279,9,63.4,147,Yes,46-55,Jaipur
INV003289,7,64.8,183,Yes,26-35,Lucknow
INV003300,6,64.8,219,Yes,36-45,Agra
INV003301,9,59.4,113,Yes,26-35,Udaipur
INV003304,10,44.2,180,Yes,18-25,Hyderabad
INV003308,9,56.8,141,Yes,56+,Hyderabad
INV003310,6,80.8,154,Yes,26-35,Hyderabad
INV003311,9,48.0,149,Yes,26-35,Bhopal
INV003314,7,73.5,210,Yes,36-45,Hyderabad
INV003317,8,44.1,71,Yes,18-25,New Delhi
INV003320,8,45.3,192,Yes,56+,Coimbatore
INV003325,6,101.0,155,Yes,26-35,Faridabad
INV003329,6,89.0,230,Yes,56+,Indore
INV003336,7,72.3,133,Yes,46-55,Amritsar
INV003338,9,37.5,155,Yes,46-55,Faridabad
INV003344,6,86.6,190,Yes,36-45,Gurugram
INV003350,6,92.4,191,Yes,46-55,Nashik
INV003351,6,54.0,86,Yes,26-35,New Delhi
INV003352,8,68.1,279,Yes,36-45,Mumbai
INV003357,6,62.4,100,Yes,26-35,Bhopal
INV003360,8,59.4,163,Yes,26-35,Indore
INV003370,7,63.3,206,Yes,56+,Mysore
INV003372,6,59.4,118,Yes,36-45,Mysore
INV003374,7,56.5,128,Yes,26-35,Mysore
INV003375,8,52.7,158,Yes,56+,Hyderabad
INV003376,6,85.8,199,Yes,36-45,New Delhi
INV003379,7,75.2,268,Yes,36-45,Lucknow
INV003380,6,72.4,155,Yes,36-45,Noida
INV003382,6,34.2,85,Yes,26-35,Bangalore
INV003391,6,56.6,193,Yes,26-35,Kolkata
INV003393,8,63.7,178,Yes,26-35,New Delhi
INV003395,6,79.0,192,Yes,36-45,Ahmedabad
INV003398,8,55.4,140,Yes,36-45,Bangalore
INV003403,6,56.6,116,Yes,18-25,Bhopal
INV003404,8,50.3,198,Yes,36-45,Chennai
INV003405,8,41.0,186,Yes,26-35,Jaipur
INV003406,8,59.0,251,Yes,26-35,Bhopal
INV003407,8,57.4,146,Yes,26-35,Kolkata
INV003422,7,84.7,167,Yes,26-35,Lucknow
INV003424,7,73.2,124,Yes,26-35,Indore
INV003427,6,84.2,266,Yes,18-25,Kolkata
INV003430,6,73.4,104,Yes,26-35,Ahmedabad
INV003431,6,51.4,152,Yes,18-25,Mysore
INV003432,7,61.3,97,Yes,56+,Agra
INV003435,7,73.8,140,Yes,26-35,Nashik
INV003437,6,91.2,226,Yes,46-55,Amritsar
INV003448,7,74.5,200,Yes,26-35,Udaipur
INV003450,10,47.7,158,Yes,18-25,Nashik
INV003455,7,35.5,76,Yes,46-55,Coimbatore
INV003457,7,60.5,117,Yes,36-45,Bangalore
INV003458,8,67.9,206,Yes,36-45,Surat
INV003459,6,59.4,113,Yes,26-35,Mysore
INV003473,6,95.8,213,Yes,26-35,Hyderabad
INV003475,9,56.0,155,Yes,26-35,Hyderabad
INV003478,9,56.6,195,Yes,26-35,Chandigarh
INV003479,8,65.7,164,Yes,36-45,Kolkata
INV003480,6,82.4,211,Yes,26-35,Bhopal
INV003484,6,73.8,333,Yes,26-35,Bhopal
INV003487,6,70.6,155,Yes,26-35,Ahmedabad
INV003491,9,59.1,119,Yes,46-55,Noida
INV003492,6,90.8,162,Yes,36-45,Ahmedabad
INV003495,10,49.2,121,Yes,26-35,Kolkata
INV003506,7,67.0,132,Yes,56+,Chennai
INV003509,9,60.9,149,Yes,36-45,Gurugram
INV003511,8,65.6,183,Yes,46-55,Gurugram
INV003514,6,74.2,172,Yes,36-45,Gurugram
INV003518,6,67.8,157,Yes,26-35,Bhopal
INV003521,6,89.0,183,Yes,46-55,Jaipur
INV003524,7,64.2,203,Yes,36-45,Hyderabad
INV003526,6,88.2,224,Yes,36-45,Nashik
INV003528,9,58.6,186,Yes,18-25,Bhopal
INV003530,6,51.0,101,Yes,26-35,Pune
INV003531,6,76.4,185,Yes,36-45,Gurugram
INV003534,8,52.7,160,Yes,46-55,Indore
INV003545,6,90.0,210,Yes,26-35,Ahmedabad
INV003556,6,77.6,129,Yes,18-25,Mysore
INV003557,6,66.4,156,Yes,46-55,Bangalore
INV003558,7,39.2,66,Yes,18-25,Lucknow
INV003559,10,48.3,118,Yes,26-35,Kanpur
INV003562,7,80.5,165,Yes,26-35,Kolkata
INV003564,8,71.0,292,Yes,18-25,Hyderabad
INV003580,7,72.2,227,Yes,26-35,Ahmedabad
INV003581,8,51.3,95,Yes,56+,Coimbatore
INV003582,7,49.3,167,Yes,36-45,Kanpur
INV003586,8,54.3,113,Yes,46-55,Faridabad
INV003592,6,75.6,202,Yes,56+,Indore
INV003593,6,78.2,166,Yes,26-35,Bangalore
INV003598,8,68.0,114,Yes,26-35,Gurugram
INV003599,6,50.0,100,Yes,46-55,Indore
INV003601,9,45.2,118,Yes,26-35,Faridabad
INV003604,6,90.2,188,Yes,18-25,Chandigarh
INV003607,6,70.4,253,Yes,18-25,Gurugram
INV003611,7,68.8,228,Yes,18-25,Kanpur
INV003613,8,67.4,283,Yes,26-35,Amritsar
INV003619,6,72.0,113,Yes,18-25,Kolkata
INV003625,6,62.4,168,Yes,26-35,Hyderabad
INV003627,7,59.2,152,Yes,36-45,Hyderabad
INV003630,7,52.0,96,Yes,18-25,Bangalore
INV003633,6,78.8,119,Yes,26-35,Bhopal
INV003634,6,47.8,83,Yes,46-55,Chandigarh
INV003635,10,47.1,95,Yes,56+,Kolkata
INV003641,8,67.0,219,Yes,26-35,Hyderabad
INV003642,7,53.2,217,Yes,18-25,Faridabad
INV003645,6,95.2,257,Yes,26-35,Amritsar
INV003649,6,96.8,195,Yes,46-55,Gurugram
INV003650,11,33.9,86,Yes,46-55,Hyderabad
INV003654,7,60.5,124,Yes,18-25,New Delhi
INV003655,10,49.8,198,Yes,36-45,Bhopal
INV003658,8,70.7,143,Yes,26-35,Kolkata
INV003660,6,79.0,164,Yes,26-35,Noida
INV003669,7,53.5,98,Yes,18-25,Kolkata
INV003670,8,70.9,160,Yes,36-45,Chandigarh
INV003672,6,77.2,180,Yes,36-45,Agra
INV003673,8,68.9,160,Yes,26-35,Mumbai
INV003678,6,32.8,45,Yes,26-35,Ahmedabad
INV003681,9,51.0,101,Yes,26-35,Hyderabad
INV003683,6,92.4,165,Yes,26-35,Hyderabad
INV003684,6,98.2,229,Yes,36-45,Bangalore
INV003685,6,80.2,132,Yes,26-35,Ahmedabad
INV003686,6,96.6,328,Yes,18-25,Surat
INV003693,7,71.3,234,Yes,36-45,Bhopal
INV003695,7,51.7,157,Yes,36-45,Bangalore
INV003696,6,75.8,190,Yes,18-25,Coimbatore
INV003697,7,76.7,163,Yes,18-25,Mumbai
INV003702,7,72.7,118,Yes,36-45,Bhopal
INV003705,6,78.8,152,Yes,26-35,Hyderabad
INV003707,6,68.6,152,Yes,36-45,Hyderabad
INV003708,7,60.5,104,Yes,46-55,Amritsar
INV003709,6,80.2,181,Yes,46-55,Agra
INV003710,6,78.6,118,Yes,26-35,Udaipur
INV003711,6,72.2,145,Yes,36-45,Hyderabad
INV003712,6,79.6,163,Yes,46-55,Pune
INV003713,7,81.5,161,Yes,36-45,Kolkata
INV003718,6,91.4,284,Yes,46-55,Hyderabad
INV003720,6,74.6,116,Yes,36-45,Bhopal
INV003722,7,50.7,135,Yes,36-45,Nashik
INV003723,6,61.8,124,Yes,26-35,Chennai
INV003724,7,68.0,169,Yes,56+,Amritsar
INV003733,6,88.8,174,Yes,26-35,Hyderabad
INV003734,8,59.0,290,Yes,56+,Coimbatore
INV003735,8,45.9,104,Yes,36-45,Ahmedabad
INV003736,7,77.2,120,Yes,18-25,Mysore
INV003738,6,50.6,117,Yes,26-35,Noida
INV003740,7,51.8,172,Yes,56+,Bangalore
INV003741,7,67.7,159,Yes,36-45,Bhopal
INV003744,6,86.8,187,Yes,18-25,Mysore
INV003745,6,70.2,183,Yes,36-45,Kolkata
INV003748,8,56.1,182,Yes,46-55,Indore
INV003757,7,81.8,156,Yes,18-25,Agra
INV003761,8,51.9,150,Yes,46-55,Mysore
INV003766,8,65.3,192,Yes,36-45,Kolkata
INV003767,9,47.5,125,Yes,36-45,Bhopal
INV003771,10,50.8,130,Yes,46-55,Hyderabad
INV003772,9,34.5,72,Yes,18-25,Amritsar
INV003775,6,74.0,151,Yes,56+,Mumbai
INV003779,6,76.4,160,Yes,26-35,New Delhi
INV003780,8,57.4,135,Yes,26-35,Faridabad
INV003781,7,64.8,199,Yes,26-35,Coimbatore
INV003785,6,74.2,160,Yes,36-45,Bangalore
INV003787,9,63.2,178,Yes,46-55,Mysore
INV003793,7,72.3,203,Yes,46-55,New Delhi
INV003795,7,67.7,122,Yes,18-25,Kolkata
INV003811,7,78.7,141,Yes,46-55,Surat
INV003812,7,50.8,174,Yes,18-25,Faridabad
INV003813,6,82.2,122,Yes,36-45,Udaipur
INV003815,7,72.5,217,Yes,36-45,Surat
INV003824,7,71.5,196,Yes,26-35,Hyderabad
INV003825,6,81.2,99,Yes,56+,Hyderabad
INV003828,7,30.7,109,Yes,18-25,Bangalore
INV003829,10,48.6,159,Yes,36-45,Amritsar
INV003830,6,71.4,115,Yes,26-35,Amritsar
INV003844,7,68.5,197,Yes,26-35,Nashik
INV003847,8,50.0,66,Yes,26-35,Hyderabad
INV003849,6,77.2,146,Yes,26-35,Mysore
INV003851,7,57.8,121,Yes,46-55,Bangalore
INV003860,6,46.0,72,Yes,26-35,Chandigarh
INV003862,7,60.2,184,Yes,26-35,Indore
INV003865,7,85.2,235,Yes,18-25,Ahmedabad
INV003868,6,87.6,264,Yes,36-45,Surat
INV003872,9,45.4,85,Yes,26-35,Kanpur
INV003876,6,77.6,160,Yes,18-25,Udaipur
INV003880,8,68.6,193,Yes,26-35,Surat
INV003885,6,71.6,281,Yes,36-45,Kolkata
INV003892,10,55.2,114,Yes,46-55,Amritsar
INV003896,6,82.0,255,Yes,56+,Faridabad
INV003897,6,71.6,144,Yes,26-35,Coimbatore
INV003903,8,50.3,130,Yes,18-25,Mysore
INV003905,7,62.5,103,Yes,26-35,Mumbai
INV003906,10,55.1,115,Yes,36-45,Faridabad
INV003912,6,68.6,195,Yes,26-35,Kolkata
INV003913,8,61.4,136,Yes,36-45,Hyderabad
INV003916,6,67.2,114,Yes,26-35,Mysore
INV003920,8,66.9,132,Yes,26-35,Chandigarh
INV003936,6,89.6,227,Yes,36-45,Chandigarh
INV003938,7,52.5,110,Yes,36-45,Gurugram
INV003940,7,70.7,151,Yes,36-45,Kolkata
INV003943,9,42.5,88,Yes,46-55,Hyderabad
INV003945,7,56.3,175,Yes,46-55,Ahmedabad
INV003946,7,69.2,147,Yes,26-35,Mysore
INV003948,7,43.7,101,Yes,18-25,Indore
INV003952,7,54.7,95,Yes,36-45,Chennai
INV003958,6,85.6,133,Yes,18-25,Faridabad
INV003962,8,68.7,302,Yes,26-35,Gurugram
INV003964,10,51.2,130,Yes,26-35,Chandigarh
INV003968,6,92.4,209,Yes,46-55,Mumbai
INV003972,6,84.2,224,Yes,26-35,Agra
INV003975,8,50.1,125,Yes,36-45,Ahmedabad
INV003978,8,68.1,209,Yes,26-35,Hyderabad
INV003979,8,56.0,123,Yes,36-45,Indore
INV003981,7,67.7,237,Yes,46-55,Faridabad
INV003985,6,93.0,191,Yes,18-25,Coimbatore
INV003996,6,95.2,244,Yes,36-45,Bangalore
INV004001,8,40.3,123,Yes,56+,Noida
INV004004,10,40.8,88,Yes,18-25,Gurugram
INV004005,7,73.7,314,Yes,26-35,Kolkata
INV004007,7,38.8,102,Yes,18-25,New Delhi
INV004009,8,62.3,87,Yes,18-25,Ahmedabad
INV004014,9,61.9,182,Yes,56+,Hyderabad
INV004015,6,88.0,190,Yes,18-25,Mumbai
INV004017,7,40.5,85,Yes,36-45,Kolkata
INV004023,10,52.0,93,Yes,46-55,Chennai
INV004037,6,74.6,137,Yes,26-35,Ahmedabad
INV004038,7,71.7,207,Yes,26-35,Surat
INV004049,6,48.2,83,Yes,36-45,Ahmedabad
INV004063,8,56.6,167,Yes,36-45,Gurugram
INV004066,7,75.2,319,Yes,46-55,Surat
INV004069,6,74.0,196,Yes,26-35,Noida
INV004070,7,67.7,170,Yes,26-35,Pune
INV004079,7,71.3,164,Yes,36-45,Bangalore
INV004085,7,68.3,260,Yes,36-45,Pune
INV004091,6,73.6,240,Yes,26-35,Chennai
INV004094,6,55.8,167,Yes,26-35,Faridabad
INV004098,6,58.2,87,Yes,26-35,Noida
INV004099,6,58.8,174,Yes,26-35,Kolkata
INV004106,6,55.8,151,Yes,26-35,Surat
INV004112,6,55.2,112,Yes,46-55,Bhopal
INV004116,10,54.9,117,Yes,36-45,Ahmedabad
INV004118,6,64.6,161,Yes,36-45,Chandigarh
INV004119,6,73.2,237,Yes,26-35,Kanpur
INV004123,6,85.0,138,Yes,36-45,Gurugram
INV004124,6,63.8,193,Yes,56+,Nashik
INV004125,9,61.6,142,Yes,26-35,Surat
INV004127,6,87.6,190,Yes,36-45,Indore
INV004128,6,67.2,156,Yes,18-25,Faridabad
INV004134,6,35.4,54,Yes,36-45,Kolkata
INV004135,10,50.1,164,Yes,26-35,Coimbatore
INV004143,6,97.0,280,Yes,18-25,Ahmedabad
INV004145,6,66.2,144,Yes,18-25,Surat
INV004146,6,88.2,253,Yes,56+,Agra
INV004147,6,72.2,136,Yes,26-35,Bhopal
INV004149,6,50.2,130,Yes,56+,Udaipur
INV004151,8,63.1,197,Yes,26-35,Mysore
INV004153,8,60.0,125,Yes,46-55,Agra
INV004154,12,46.7,90,Yes,18-25,Mysore
INV004172,8,63.0,196,Yes,26-35,Indore
INV004174,6,86.6,195,Yes,18-25,Udaipur
INV004175,8,67.9,133,Yes,36-45,Coimbatore
INV004177,8,45.4,117,Yes,26-35,Coimbatore
INV004179,6,71.2,129,Yes,26-35,Pune
INV004181,6,93.4,245,Yes,26-35,Lucknow
INV004191,7,77.2,310,Yes,26-35,Nashik
INV004196,7,78.3,219,Yes,46-55,Kolkata
INV004199,6,58.2,138,Yes,56+,Chennai
INV004202,9,47.6,114,Yes,36-45,Kolkata
INV004203,8,66.6,113,Yes,18-25,Indore
INV004208,6,73.4,156,Yes,36-45,Kolkata
INV004212,7,69.3,169,Yes,36-45,Kanpur
INV004216,7,82.0,195,Yes,26-35,Bangalore
INV004228,7,72.3,112,Yes,26-35,Bhopal
INV004232,6,71.4,232,Yes,26-35,Chennai
INV004239,8,61.1,130,Yes,18-25,Bangalore
INV004241,10,53.7,117,Yes,36-45,Mumbai
INV004243,8,55.7,131,Yes,36-45,Amritsar
INV004246,7,34.2,64,Yes,36-45,Kolkata
INV004247,6,87.2,274,Yes,18-25,Chennai
INV004248,7,42.7,93,Yes,46-55,Kolkata
INV004258,7,49.7,105,Yes,36-45,Ahmedabad
INV004266,7,61.8,101,Yes,36-45,New Delhi
INV004267,7,53.3,109,Yes,46-55,Surat
INV004270,7,69.7,204,Yes,18-25,Udaipur
INV004271,6,79.8,157,Yes,18-25,Mumbai
INV004279,8,50.3,116,Yes,36-45,Ahmedabad
INV004281,8,41.7,93,Yes,26-35,Jaipur
INV004282,8,52.9,105,Yes,26-35,Amritsar
INV004285,7,76.2,169,Yes,26-35,Chandigarh
INV004288,7,72.8,223,Yes,18-25,Amritsar
INV004289,11,45.9,201,Yes,26-35,Bangalore
INV004293,6,81.8,142,Yes,36-45,Jaipur
INV004295,9,44.8,119,Yes,36-45,Bangalore
INV004296,6,102.2,304,Yes,26-35,Hyderabad
INV004297,9,41.9,82,Yes,36-45,Bangalore
INV004299,8,64.1,175,Yes,26-35,Hyderabad
INV004306,7,57.0,118,Yes,26-35,Hyderabad
INV004308,7,84.7,244,Yes,26-35,Surat
INV004314,6,83.0,195,Yes,26-35,Gurugram
INV004319,9,60.5,275,Yes,18-25,Surat
INV004321,9,42.0,84,Yes,26-35,Kolkata
INV004324,7,77.7,173,Yes,36-45,Indore
INV004326,10,40.1,78,Yes,26-35,Gurugram
INV004332,8,64.7,149,Yes,36-45,Faridabad
INV004335,8,64.4,104,Yes,26-35,Ahmedabad
INV004338,10,48.9,209,Yes,46-55,Mumbai
INV004340,6,67.8,252,Yes,26-35,Mysore
INV004343,6,63.0,190,Yes,18-25,Bhopal
INV004348,6,52.2,120,Yes,26-35,New Delhi
INV004349,7,72.5,159,Yes,26-35,Gurugram
INV004356,6,30.8,81,Yes,36-45,Kolkata
INV004357,8,72.4,305,Yes,46-55,Gurugram
INV004358,8,45.9,87,Yes,26-35,Coimbatore
INV004361,8,61.6,124,Yes,26-35,Faridabad
INV004364,6,80.6,173,Yes,36-45,Kolkata
INV004367,6,81.6,194,Yes,26-35,Mysore
INV004372,6,59.2,155,Yes,26-35,Faridabad
INV004391,6,57.0,96,Yes,26-35,Mumbai
INV004392,6,90.4,200,Yes,18-25,Kolkata
INV004400,8,46.6,104,Yes,26-35,Agra
INV004401,8,69.9,216,Yes,26-35,Udaipur
INV004403,6,73.6,150,Yes,26-35,Kolkata
INV004410,11,40.9,138,Yes,36-45,Chennai
INV004411,6,61.0,111,Yes,26-35,Mumbai
INV004412,7,82.3,173,Yes,26-35,Amritsar
INV004413,8,69.0,142,Yes,26-35,Mumbai
INV004414,8,53.9,176,Yes,26-35,Lucknow
INV004421,6,90.8,221,Yes,26-35,Amritsar
INV004427,11,50.8,125,Yes,36-45,Amritsar
INV004434,6,84.6,156,Yes,46-55,Surat
INV004446,6,65.8,170,Yes,26-35,Kolkata
INV004447,7,49.8,129,Yes,36-45,Kolkata
INV004450,6,61.6,153,Yes,36-45,Coimbatore
INV004451,6,84.0,137,Yes,56+,Bhopal
INV004452,7,81.0,180,Yes,26-35,Udaipur
INV004454,6,98.4,311,Yes,36-45,Kolkata
INV004455,6,50.0,105,Yes,18-25,Hyderabad
INV004457,6,81.4,188,Yes,18-25,Hyderabad
INV004459,7,53.8,141,Yes,26-35,Pune
INV004460,9,42.5,93,Yes,26-35,Gurugram
INV004463,6,94.8,211,Yes,26-35,Bangalore
INV004464,7,62.5,142,Yes,26-35,Faridabad
INV004468,7,76.8,154,Yes,46-55,Hyderabad
INV004472,7,50.7,156,Yes,26-35,Kolkata
INV004473,7,73.3,152,Yes,18-25,Mysore
INV004475,7,67.8,87,Yes,26-35,Amritsar
INV004477,8,58.7,180,Yes,46-55,Gurugram
INV004484,6,61.6,182,Yes,46-55,Amritsar
INV004502,7,74.5,165,Yes,36-45,Udaipur
INV004504,8,55.1,247,Yes,46-55,Hyderabad
INV004511,6,37.2,89,Yes,46-55,Ahmedabad
INV004517,6,86.6,185,Yes,46-55,Kolkata
INV004521,7,54.5,76,Yes,18-25,Ahmedabad
INV004523,6,87.2,127,Yes,26-35,Gurugram
INV004528,7,54.0,149,Yes,46-55,Indore
INV004531,8,60.0,159,Yes,26-35,Gurugram
INV004533,7,55.0,118,Yes,36-45,Ahmedabad
INV004542,7,34.0,59,Yes,36-45,Pune
INV004547,7,67.5,165,Yes,36-45,Bhopal
INV004555,8,53.1,151,Yes,36-45,Lucknow
INV004560,9,48.4,107,Yes,36-45,Coimbatore
INV004562,6,83.8,158,Yes,26-35,Hyderabad
INV004563,7,64.8,211,Yes,46-55,Surat
INV004574,8,54.6,116,Yes,36-45,Mumbai
INV004576,6,63.0,132,Yes,46-55,Jaipur
INV004579,8,43.9,77,Yes,26-35,Jaipur
INV004581,8,72.1,234,Yes,26-35,Surat
INV004589,6,71.4,225,Yes,36-45,Ahmedabad
INV004594,8,59.1,122,Yes,26-35,Gurugram
INV004598,6,84.2,195,Yes,46-55,Chennai
INV004602,9,59.6,242,Yes,26-35,Noida
INV004607,8,56.0,214,Yes,26-35,Hyderabad
INV004608,8,55.0,96,Yes,26-35,Bangalore
INV004611,7,51.2,217,Yes,18-25,Bhopal
INV004614,6,79.6,117,Yes,18-25,New Delhi
INV004617,9,39.2,83,Yes,26-35,Bangalore
INV004621,9,54.2,203,Yes,36-45,Amritsar
INV004625,6,96.4,246,Yes,18-25,Coimbatore
INV004629,8,64.6,175,Yes,18-25,Bangalore
INV004630,9,50.6,95,Yes,26-35,Bhopal
INV004631,8,64.7,109,Yes,36-45,Chennai
INV004633,7,78.2,189,Yes,18-25,Hyderabad
INV004635,7,58.7,142,Yes,18-25,Chandigarh
INV004636,6,75.6,160,Yes,18-25,Kanpur
INV004638,7,54.3,110,Yes,26-35,New Delhi
INV004640,7,68.3,202,Yes,36-45,Hyderabad
INV004641,6,67.8,105,Yes,56+,Faridabad
INV004642,6,54.8,232,Yes,46-55,Kanpur
INV004643,6,50.6,101,Yes,26-35,Noida
INV004646,7,64.5,158,Yes,18-25,Indore
INV004647,7,70.7,138,Yes,36-45,Indore
INV004650,6,80.8,143,Yes,56+,Chandigarh
INV004661,8,69.7,181,Yes,26-35,Nashik
INV004665,6,83.4,137,Yes,36-45,Bhopal
INV004672,7,72.0,127,Yes,26-35,Jaipur
INV004680,7,47.2,155,Yes,36-45,Chandigarh
INV004682,9,42.2,105,Yes,26-35,Hyderabad
INV004688,6,77.6,181,Yes,26-35,Kolkata
INV004692,6,83.6,190,Yes,26-35,Bhopal
INV004701,7,20.0,82,Yes,26-35,Gurugram
INV004704,6,93.8,141,Yes,26-35,New Delhi
INV004712,8,48.6,84,Yes,36-45,Kanpur
INV004715,7,56.8,169,Yes,46-55,Chennai
INV004716,7,74.0,197,Yes,18-25,Hyderabad
INV004737,10,54.6,120,Yes,46-55,Indore
INV004738,6,93.2,148,Yes,56+,Kanpur
INV004741,7,72.3,157,Yes,26-35,Hyderabad
INV004753,6,61.4,87,Yes,36-45,Mysore
INV004755,7,61.2,181,Yes,18-25,Agra
INV004761,6,71.4,139,Yes,26-35,Indore
INV004763,7,83.5,184,Yes,46-55,Bangalore
INV004764,6,83.0,144,Yes,46-55,Amritsar
INV004770,8,72.9,146,Yes,18-25,Surat
INV004776,9,57.4,145,Yes,36-45,Chandigarh
INV004780,7,69.5,154,Yes,36-45,Gurugram
INV004785,7,66.2,248,Yes,26-35,Amritsar
INV004787,7,72.3,140,Yes,26-35,Faridabad
INV004798,7,53.7,106,Yes,26-35,Bhopal
INV004804,6,79.2,137,Yes,36-45,Mumbai
INV004805,7,44.7,92,Yes,26-35,Indore
INV004807,8,36.9,86,Yes,36-45,Mumbai
INV004813,6,62.0,253,Yes,26-35,Kolkata
INV004819,7,62.0,120,Yes,26-35,Hyderabad
INV004825,7,70.0,141,Yes,56+,Noida
INV004833,6,65.4,171,Yes,26-35,Bhopal
INV004834,9,38.6,106,Yes,26-35,New Delhi
INV004840,7,41.0,103,Yes,18-25,Pune
INV004843,8,50.9,153,Yes,56+,Faridabad
INV004844,7,66.7,118,Yes,26-35,Pune
INV004845,6,81.8,197,Yes,18-25,Kolkata
INV004847,7,73.5,281,Yes,26-35,Pune
INV004848,9,54.1,166,Yes,26-35,Gurugram
INV004860,6,78.4,189,Yes,46-55,Amritsar
INV004863,7,68.0,220,Yes,26-35,Mumbai
INV004864,8,43.3,114,Yes,26-35,Amritsar
INV004865,7,76.3,143,Yes,56+,Nashik
INV004868,8,56.0,226,Yes,36-45,Bangalore
INV004871,8,69.1,170,Yes,26-35,Chandigarh
INV004877,7,80.5,276,Yes,26-35,Mysore
INV004889,7,70.7,159,Yes,46-55,Jaipur
INV004891,8,55.9,128,Yes,46-55,Hyderabad
INV004896,6,79.4,252,Yes,18-25,Agra
INV004901,6,54.6,96,Yes,26-35,Gurugram
INV004911,7,63.7,97,Yes,26-35,Kolkata
INV004913,6,87.0,156,Yes,26-35,Udaipur
INV004916,7,75.5,162,Yes,26-35,Faridabad
INV004917,7,51.0,77,Yes,26-35,Kanpur
INV004924,9,59.8,116,Yes,36-45,Hyderabad
INV004925,7,70.8,105,Yes,18-25,Pune
INV004926,8,66.3,133,Yes,36-45,Mysore
INV004927,7,34.2,63,Yes,26-35,Nashik
INV004947,6,45.0,75,Yes,26-35,Hyderabad
INV004953,7,67.2,138,Yes,36-45,Faridabad
INV004956,8,59.1,155,Yes,46-55,Mumbai
INV004958,7,73.2,135,Yes,36-45,Mumbai
INV004959,6,68.6,193,Yes,18-25,New Delhi
INV004967,6,63.2,112,Yes,26-35,Hyderabad
INV004973,9,55.0,99,Yes,26-35,Coimbatore
INV004974,8,52.4,102,Yes,56+,Ahmedabad
INV004978,7,63.8,157,Yes,46-55,Lucknow
INV004981,8,49.1,115,Yes,18-25,Faridabad
INV004983,7,57.7,128,Yes,26-35,Bhopal
INV004984,7,75.3,177,Yes,46-55,Agra
INV004986,7,81.3,185,Yes,26-35,Bhopal
INV004992,7,81.5,176,Yes,26-35,Udaipur
INV004996,10,46.3,104,Yes,46-55,New Delhi
INV004997,7,71.0,248,Yes,36-45,Coimbatore
